UTCS03276,OLP-CR-EN01
UTCS11133,INCLUSION01
UTCS11135,INCLUSION02
UTCS11130,INCLUSION06
UTCS03241,HEALTH01
UTCS03287,HEALTH02
UTCS03267,HEALTH03
UTCS03237,HEALTH04
UTCS03264,HEALTH05
UTCS03246,HEALTH06
UTCS03281,HEALTH07
UTCS03262,HEALTH08
UTCS03277,HEALTH09
UTCS03244,HEALTH10
UTCS04802,HEALTH12
UTCS03268,HEALTH13
UTCS03282,HEALTH14
UTCS03263,HEALTH15
UTCS03238,HEALTH16
UTCS03243,HEALTH17
UTCS03275,HEALTH18
UTCS03288,HEALTH20
UTCS02990,OLP-CR-CON01
UTCS02989,OLP-CR-CON02
UTCS03363,OLP-CR-CON04
UTCS02981,OLP-CR-CON05
UTCS02979,OLP-CR-CON06
UTCS02995,OLP-CR-CON07
UTCS02997,OLP-CR-CON08
UTCS03330,SPORT01
UTCS03320,SPORT02
UTCS03333,SPORT03
UTCS03345,SPORT04
UTCS03332,SPORT05
UTCS03328,SPORT07
UTCS03315,SPORT09
UTCS03334,SPORT10
UTCS03324,SPORT11
UTCS03340,SPORT12
UTCS03331,SPORT14
UTCS03342,SPORT15
UTCS03338,SPORT16
UTCS03325,SPORT17
UTCS03321,SPORT18
UTCS03322,SPORT19
UTCS11460,SPORT20
UTCS02999,SPORT22
UTCS02977,SPORT24
UTCS02982,SPORT26
UTCS02978,OLP-CR-SP201
UTCS03351,OLP-CR-SP202
UTCS03359,OLP-CR-SP204
UTCS03352,OLP-CR-SP206
UTCS03360,OLP-CR-SP207
UTCS02975,OLP-CR-SP208
UTCS03356,OLP-CR-SP209
UTCS03366,OLP-CR-SP210
UTCS03355,OLP-CR-SP211
UTCS03364,OLP-CR-SP212
UTCS03354,OLP-CR-SP213
UTCS03000,OLP-CR-SP214
UTCS02976,OLP-CR-SP215
UTCS03353,OLP-CR-SP216
UTCS03347,OLP-CR-SP217
UTCS02974,OLP-CR-SP218
UTCS03369,OLP-CR-SP219
UTCS02972,OLP-CR-SP220
UTCS02984,Broken:OLP-CR-SP221
UTCS02971,OLP-CR-SP223
UTCS03358,Missing:OLP-CR-SP225
UTCS11139,OLP-CR-SP226
UTCS11131,INCLUSION03
UTCS02986,OLP-CR-SP219
UTCS12025,Broken:SPORT13
UTCS11136,Broken:OLP-CR-SP202
UTCS11134,Broken:INCLUSION04
OLP-CR-SP203,OLP-CR-SP221
